{"cameraMode":{"drawMode":0,"name":"Shaded","section":"Shading Mode"},"sceneLighting":true,"audioPlay":false,"sceneViewState":{"m_AlwaysRefresh":false,"showFog":false,"showSkybox":true,"showFlares":true,"showImageEffects":true,"showParticleSystems":true,"showVisualEffectGraphs":true,"m_FxEnabled":true},"in2DMode":false,"pivot":{"x":118.49738311767578,"y":19.053058624267579,"z":138.17945861816407},"rotation":{"x":0.23188145458698274,"y":-0.002032892545685172,"z":0.00048212683759629726,"w":0.9727917313575745},"size":10.094616889953614,"orthographic":false}