{"cameraMode":{"drawMode":0,"name":"Shaded","section":"Shading Mode"},"sceneLighting":true,"audioPlay":false,"sceneViewState":{"m_AlwaysRefresh":false,"showFog":false,"showSkybox":true,"showFlares":true,"showImageEffects":true,"showParticleSystems":true,"showVisualEffectGraphs":true,"m_FxEnabled":true},"in2DMode":false,"pivot":{"x":130.11575317382813,"y":17.93299102783203,"z":125.68668365478516},"rotation":{"x":-0.27512264251708987,"y":0.012386005371809006,"z":-0.0033061401918530466,"w":-0.9613839387893677},"size":24.94106674194336,"orthographic":false}