{"cameraMode":{"drawMode":0,"name":"Shaded","section":"Shading Mode"},"sceneLighting":true,"audioPlay":false,"sceneViewState":{"m_AlwaysRefresh":false,"showFog":false,"showSkybox":true,"showFlares":true,"showImageEffects":true,"showParticleSystems":true,"showVisualEffectGraphs":true,"m_FxEnabled":true},"in2DMode":false,"pivot":{"x":131.2768096923828,"y":24.74723243713379,"z":129.96617126464845},"rotation":{"x":-0.27512264251708987,"y":0.012386005371809006,"z":-0.0033061401918530466,"w":-0.9613839387893677},"size":11.961441040039063,"orthographic":false}