{"cameraMode":{"drawMode":0,"name":"Shaded","section":"Shading Mode"},"sceneLighting":true,"audioPlay":false,"sceneViewState":{"m_AlwaysRefresh":false,"showFog":false,"showSkybox":true,"showFlares":true,"showImageEffects":true,"showParticleSystems":true,"showVisualEffectGraphs":true,"m_FxEnabled":true},"in2DMode":false,"pivot":{"x":121.68575286865235,"y":22.540447235107423,"z":134.3253631591797},"rotation":{"x":0.37363383173942568,"y":-0.18779727816581727,"z":0.07753589004278183,"w":0.9051047563552856},"size":1.817641019821167,"orthographic":false}