{"cameraMode":{"drawMode":0,"name":"Shaded","section":"Shading Mode"},"sceneLighting":true,"audioPlay":false,"sceneViewState":{"m_AlwaysRefresh":false,"showFog":false,"showSkybox":true,"showFlares":true,"showImageEffects":true,"showParticleSystems":true,"showVisualEffectGraphs":true,"m_FxEnabled":true},"in2DMode":false,"pivot":{"x":249.92396545410157,"y":33.428428649902347,"z":206.39068603515626},"rotation":{"x":-0.09716939181089401,"y":-0.6565715670585632,"z":0.08615200221538544,"w":-0.7430823445320129},"size":51.223724365234378,"orthographic":false}