{"cameraMode":{"drawMode":0,"name":"Shaded","section":"Shading Mode"},"sceneLighting":true,"audioPlay":false,"sceneViewState":{"m_AlwaysRefresh":false,"showFog":false,"showSkybox":true,"showFlares":true,"showImageEffects":true,"showParticleSystems":true,"showVisualEffectGraphs":true,"m_FxEnabled":true},"in2DMode":false,"pivot":{"x":225.75314331054688,"y":24.853729248046876,"z":265.4774475097656},"rotation":{"x":-0.28844937682151797,"y":-0.41677528619766238,"z":0.14133279025554658,"w":-0.8504007458686829},"size":396.22760009765627,"orthographic":false}