{"cameraMode":{"drawMode":0,"name":"Shaded","section":"Shading Mode"},"sceneLighting":true,"audioPlay":false,"sceneViewState":{"m_AlwaysRefresh":false,"showFog":false,"showSkybox":true,"showFlares":true,"showImageEffects":true,"showParticleSystems":true,"showVisualEffectGraphs":true,"m_FxEnabled":true},"in2DMode":false,"pivot":{"x":133.82569885253907,"y":20.762418746948243,"z":128.34681701660157},"rotation":{"x":-0.3739689588546753,"y":-0.0436546616256237,"z":0.017864255234599115,"w":-0.9263034462928772},"size":6.045721054077148,"orthographic":false}