{"cameraMode":{"drawMode":0,"name":"Shaded","section":"Shading Mode"},"sceneLighting":true,"audioPlay":false,"sceneViewState":{"m_AlwaysRefresh":false,"showFog":false,"showSkybox":true,"showFlares":true,"showImageEffects":true,"showParticleSystems":true,"showVisualEffectGraphs":true,"m_FxEnabled":true},"in2DMode":false,"pivot":{"x":114.84707641601563,"y":31.051063537597658,"z":133.19625854492188},"rotation":{"x":0.15960684418678285,"y":0.5183492302894592,"z":-0.09913061559200287,"w":0.8343313336372376},"size":11.086357116699219,"orthographic":false}