{"cameraMode":{"drawMode":0,"name":"Shaded","section":"Shading Mode"},"sceneLighting":true,"audioPlay":false,"sceneViewState":{"m_AlwaysRefresh":false,"showFog":false,"showSkybox":true,"showFlares":true,"showImageEffects":true,"showParticleSystems":true,"showVisualEffectGraphs":true,"m_FxEnabled":true},"in2DMode":false,"pivot":{"x":114.08672332763672,"y":28.346973419189454,"z":102.77142333984375},"rotation":{"x":0.19225122034549714,"y":0.44361719489097597,"z":-0.09801756590604782,"w":0.8698851466178894},"size":41.66133499145508,"orthographic":false}