{"cameraMode":{"drawMode":0,"name":"Shaded","section":"Shading Mode"},"sceneLighting":true,"audioPlay":false,"sceneViewState":{"m_AlwaysRefresh":false,"showFog":false,"showSkybox":true,"showFlares":true,"showImageEffects":true,"showParticleSystems":true,"showVisualEffectGraphs":true,"m_FxEnabled":true},"in2DMode":false,"pivot":{"x":125.06195831298828,"y":19.901262283325197,"z":120.82534790039063},"rotation":{"x":0.14080175757408143,"y":-0.6947668790817261,"z":0.14155809581279756,"w":0.6910368204116821},"size":5.17068338394165,"orthographic":false}