{"cameraMode":{"drawMode":0,"name":"Shaded","section":"Shading Mode"},"sceneLighting":true,"audioPlay":false,"sceneViewState":{"m_AlwaysRefresh":false,"showFog":false,"showSkybox":true,"showFlares":true,"showImageEffects":true,"showParticleSystems":true,"showVisualEffectGraphs":true,"m_FxEnabled":true},"in2DMode":false,"pivot":{"x":134.15086364746095,"y":-31.010574340820314,"z":39.51554870605469},"rotation":{"x":-0.5421262383460999,"y":-0.011349028907716275,"z":0.0073065850883722309,"w":-0.8402330875396729},"size":158.2947235107422,"orthographic":false}