{"cameraMode":{"drawMode":0,"name":"Shaded","section":"Shading Mode"},"sceneLighting":true,"audioPlay":false,"sceneViewState":{"m_AlwaysRefresh":false,"showFog":false,"showSkybox":true,"showFlares":true,"showImageEffects":true,"showParticleSystems":true,"showVisualEffectGraphs":true,"m_FxEnabled":true},"in2DMode":false,"pivot":{"x":73.34346008300781,"y":33.051544189453128,"z":216.24209594726563},"rotation":{"x":0.2568037807941437,"y":0.3221675753593445,"z":-0.09121380001306534,"w":0.9066579937934876},"size":159.32711791992188,"orthographic":false}