{"cameraMode":{"drawMode":0,"name":"Shaded","section":"Shading Mode"},"sceneLighting":true,"audioPlay":false,"sceneViewState":{"m_AlwaysRefresh":false,"showFog":true,"showSkybox":false,"showFlares":true,"showImageEffects":true,"showParticleSystems":true,"showVisualEffectGraphs":true,"m_FxEnabled":true},"in2DMode":false,"pivot":{"x":172.04200744628907,"y":27.028915405273439,"z":234.87428283691407},"rotation":{"x":-0.139602929353714,"y":-0.1926707625389099,"z":0.027703789994120599,"w":-0.9708876609802246},"size":248.93927001953126,"orthographic":false}