{"cameraMode":{"drawMode":0,"name":"Shaded","section":"Shading Mode"},"sceneLighting":true,"audioPlay":false,"sceneViewState":{"m_AlwaysRefresh":false,"showFog":true,"showSkybox":false,"showFlares":true,"showImageEffects":true,"showParticleSystems":true,"showVisualEffectGraphs":true,"m_FxEnabled":true},"in2DMode":false,"pivot":{"x":10.126541137695313,"y":0.9999996423721314,"z":12.425756454467774},"rotation":{"x":0.08302468806505203,"y":0.8824867606163025,"z":-0.17017732560634614,"w":0.43053993582725527},"size":2.1247448921203615,"orthographic":false}