{"cameraMode":{"drawMode":0,"name":"Shaded","section":"Shading Mode"},"sceneLighting":true,"audioPlay":false,"sceneViewState":{"m_AlwaysRefresh":false,"showFog":false,"showSkybox":true,"showFlares":true,"showImageEffects":true,"showParticleSystems":true,"showVisualEffectGraphs":true,"m_FxEnabled":true},"in2DMode":false,"pivot":{"x":132.12503051757813,"y":23.915956497192384,"z":121.2530288696289},"rotation":{"x":-0.057980429381132129,"y":-0.08144579082727432,"z":0.004960253834724426,"w":-0.9950345754623413},"size":7.5897746086120609,"orthographic":false}