{"cameraMode":{"drawMode":0,"name":"Shaded","section":"Shading Mode"},"sceneLighting":true,"audioPlay":false,"sceneViewState":{"m_AlwaysRefresh":false,"showFog":false,"showSkybox":true,"showFlares":true,"showImageEffects":true,"showParticleSystems":true,"showVisualEffectGraphs":true,"m_FxEnabled":true},"in2DMode":false,"pivot":{"x":82.18801879882813,"y":18.619464874267579,"z":93.60606384277344},"rotation":{"x":0.18832965195178986,"y":0.37710535526275637,"z":-0.07858224958181381,"w":0.9034616947174072},"size":10.112244606018067,"orthographic":false}