{"cameraMode":{"drawMode":0,"name":"Shaded","section":"Shading Mode"},"sceneLighting":true,"audioPlay":false,"sceneViewState":{"m_AlwaysRefresh":false,"showFog":false,"showSkybox":true,"showFlares":true,"showImageEffects":true,"showParticleSystems":true,"showVisualEffectGraphs":true,"m_FxEnabled":true},"in2DMode":false,"pivot":{"x":77.76911163330078,"y":19.733421325683595,"z":98.76371765136719},"rotation":{"x":0.18832965195178986,"y":0.37710535526275637,"z":-0.07858224958181381,"w":0.9034616947174072},"size":6.354524612426758,"orthographic":false}