{"cameraMode":{"drawMode":0,"name":"Shaded","section":"Shading Mode"},"sceneLighting":true,"audioPlay":false,"sceneViewState":{"m_AlwaysRefresh":false,"showFog":false,"showSkybox":true,"showFlares":true,"showImageEffects":true,"showParticleSystems":true,"showVisualEffectGraphs":true,"m_FxEnabled":true},"in2DMode":false,"pivot":{"x":111.63972473144531,"y":22.699077606201173,"z":126.07135009765625},"rotation":{"x":0.5458246469497681,"y":0.018361330032348634,"z":-0.011947098188102246,"w":0.8376651406288147},"size":35.68693542480469,"orthographic":false}